,Total_f1,w_1,w_2,w_3,1_f1,2_f1,3_f1
0,0.9199999999999999,0.1,0.25,0.5,0.69,0.14,0.09
1,0.97,0.1,0.25,1.0,0.65,0.13,0.19
2,0.9199999999999999,0.1,0.25,1.5,0.61,0.1,0.21
3,0.88,0.1,0.25,2.0,0.56,0.1,0.22
4,0.8300000000000001,0.1,0.25,2.5,0.54,0.07,0.22
5,0.8200000000000001,0.1,0.25,3.0,0.51,0.07,0.24
6,0.76,0.1,0.25,3.5,0.47,0.06,0.23
7,0.75,0.1,0.25,4.0,0.46,0.06,0.23
8,0.72,0.1,0.25,4.5,0.44,0.05,0.23
9,0.68,0.1,0.25,5.0,0.4,0.05,0.23
10,0.6799999999999999,0.1,0.25,5.5,0.4,0.04,0.24
11,0.6799999999999999,0.1,0.25,6.0,0.39,0.05,0.24
12,0.99,0.1,0.5,0.5,0.62,0.3,0.07
13,1.0499999999999998,0.1,0.5,1.0,0.58,0.29,0.18
14,1.02,0.1,0.5,1.5,0.54,0.28,0.2
15,0.96,0.1,0.5,2.0,0.5,0.26,0.2
16,0.96,0.1,0.5,2.5,0.48,0.26,0.22
17,0.9299999999999999,0.1,0.5,3.0,0.46,0.24,0.23
18,0.86,0.1,0.5,3.5,0.41,0.22,0.23
19,0.85,0.1,0.5,4.0,0.4,0.22,0.23
20,0.81,0.1,0.5,4.5,0.38,0.2,0.23
21,0.78,0.1,0.5,5.0,0.36,0.19,0.23
22,0.77,0.1,0.5,5.5,0.34,0.2,0.23
23,0.73,0.1,0.5,6.0,0.31,0.19,0.23
24,0.9400000000000001,0.1,0.75,0.5,0.53,0.37,0.04
25,0.98,0.1,0.75,1.0,0.48,0.35,0.15
26,0.97,0.1,0.75,1.5,0.44,0.35,0.18
27,0.96,0.1,0.75,2.0,0.42,0.34,0.2
28,0.94,0.1,0.75,2.5,0.4,0.32,0.22
29,0.9099999999999999,0.1,0.75,3.0,0.37,0.32,0.22
30,0.8899999999999999,0.1,0.75,3.5,0.36,0.31,0.22
31,0.8400000000000001,0.1,0.75,4.0,0.33,0.28,0.23
32,0.84,0.1,0.75,4.5,0.31,0.31,0.22
33,0.84,0.1,0.75,5.0,0.31,0.3,0.23
34,0.76,0.1,0.75,5.5,0.28,0.26,0.22
35,0.73,0.1,0.75,6.0,0.27,0.23,0.23
36,0.87,0.1,1.0,0.5,0.47,0.38,0.02
37,0.9400000000000001,0.1,1.0,1.0,0.44,0.38,0.12
38,0.92,0.1,1.0,1.5,0.38,0.37,0.17
39,0.8999999999999999,0.1,1.0,2.0,0.36,0.36,0.18
40,0.8699999999999999,0.1,1.0,2.5,0.32,0.35,0.2
41,0.86,0.1,1.0,3.0,0.31,0.34,0.21
42,0.8200000000000001,0.1,1.0,3.5,0.28,0.33,0.21
43,0.85,0.1,1.0,4.0,0.3,0.33,0.22
44,0.8,0.1,1.0,4.5,0.27,0.31,0.22
45,0.75,0.1,1.0,5.0,0.23,0.3,0.22
46,0.76,0.1,1.0,5.5,0.24,0.29,0.23
47,0.74,0.1,1.0,6.0,0.22,0.29,0.23
48,0.8400000000000001,0.1,1.25,0.5,0.42,0.4,0.02
49,0.84,0.1,1.25,1.0,0.36,0.39,0.09
50,0.84,0.1,1.25,1.5,0.33,0.38,0.13
51,0.8599999999999999,0.1,1.25,2.0,0.3,0.38,0.18
52,0.8499999999999999,0.1,1.25,2.5,0.29,0.37,0.19
53,0.84,0.1,1.25,3.0,0.27,0.36,0.21
54,0.81,0.1,1.25,3.5,0.25,0.36,0.2
55,0.78,0.1,1.25,4.0,0.23,0.34,0.21
56,0.77,0.1,1.25,4.5,0.23,0.32,0.22
57,0.74,0.1,1.25,5.0,0.21,0.32,0.21
58,0.74,0.1,1.25,5.5,0.2,0.31,0.23
59,0.74,0.1,1.25,6.0,0.2,0.31,0.23
60,0.78,0.1,1.5,0.5,0.36,0.4,0.02
61,0.8,0.1,1.5,1.0,0.32,0.41,0.07
62,0.8,0.1,1.5,1.5,0.28,0.4,0.12
63,0.8400000000000001,0.1,1.5,2.0,0.28,0.39,0.17
64,0.8200000000000001,0.1,1.5,2.5,0.25,0.38,0.19
65,0.81,0.1,1.5,3.0,0.23,0.39,0.19
66,0.7999999999999999,0.1,1.5,3.5,0.21,0.38,0.21
67,0.78,0.1,1.5,4.0,0.2,0.37,0.21
68,0.74,0.1,1.5,4.5,0.19,0.34,0.21
69,0.74,0.1,1.5,5.0,0.18,0.35,0.21
70,0.75,0.1,1.5,5.5,0.18,0.34,0.23
71,0.7,0.1,1.5,6.0,0.16,0.31,0.23
72,0.77,0.1,1.75,0.5,0.35,0.41,0.01
73,0.75,0.1,1.75,1.0,0.29,0.4,0.06
74,0.77,0.1,1.75,1.5,0.25,0.4,0.12
75,0.79,0.1,1.75,2.0,0.24,0.39,0.16
76,0.76,0.1,1.75,2.5,0.22,0.38,0.16
77,0.78,0.1,1.75,3.0,0.21,0.39,0.18
78,0.75,0.1,1.75,3.5,0.19,0.37,0.19
79,0.73,0.1,1.75,4.0,0.18,0.37,0.18
80,0.76,0.1,1.75,4.5,0.17,0.37,0.22
81,0.74,0.1,1.75,5.0,0.16,0.36,0.22
82,0.72,0.1,1.75,5.5,0.16,0.34,0.22
83,0.72,0.1,1.75,6.0,0.16,0.34,0.22
84,0.71,0.1,2.0,0.5,0.29,0.41,0.01
85,0.73,0.1,2.0,1.0,0.25,0.41,0.07
86,0.72,0.1,2.0,1.5,0.23,0.4,0.09
87,0.74,0.1,2.0,2.0,0.21,0.4,0.13
88,0.7400000000000001,0.1,2.0,2.5,0.19,0.4,0.15
89,0.75,0.1,2.0,3.0,0.19,0.38,0.18
90,0.76,0.1,2.0,3.5,0.18,0.39,0.19
91,0.74,0.1,2.0,4.0,0.16,0.38,0.2
92,0.74,0.1,2.0,4.5,0.17,0.38,0.19
93,0.75,0.1,2.0,5.0,0.16,0.37,0.22
94,0.72,0.1,2.0,5.5,0.15,0.36,0.21
95,0.7,0.1,2.0,6.0,0.13,0.35,0.22
96,0.69,0.1,2.25,0.5,0.27,0.41,0.01
97,0.68,0.1,2.25,1.0,0.22,0.41,0.05
98,0.71,0.1,2.25,1.5,0.21,0.41,0.09
99,0.74,0.1,2.25,2.0,0.19,0.41,0.14
100,0.7100000000000001,0.1,2.25,2.5,0.16,0.39,0.16
101,0.7500000000000001,0.1,2.25,3.0,0.18,0.4,0.17
102,0.72,0.1,2.25,3.5,0.15,0.39,0.18
103,0.72,0.1,2.25,4.0,0.15,0.38,0.19
104,0.72,0.1,2.25,4.5,0.15,0.38,0.19
105,0.72,0.1,2.25,5.0,0.14,0.37,0.21
106,0.72,0.1,2.25,5.5,0.13,0.37,0.22
107,0.7,0.1,2.25,6.0,0.12,0.37,0.21
108,0.6699999999999999,0.1,2.5,0.5,0.25,0.42,0.0
109,0.66,0.1,2.5,1.0,0.22,0.41,0.03
110,0.69,0.1,2.5,1.5,0.19,0.42,0.08
111,0.7,0.1,2.5,2.0,0.18,0.41,0.11
112,0.7000000000000001,0.1,2.5,2.5,0.16,0.4,0.14
113,0.7000000000000001,0.1,2.5,3.0,0.15,0.39,0.16
114,0.7000000000000001,0.1,2.5,3.5,0.14,0.39,0.17
115,0.7000000000000001,0.1,2.5,4.0,0.14,0.39,0.17
116,0.69,0.1,2.5,4.5,0.13,0.38,0.18
117,0.72,0.1,2.5,5.0,0.13,0.39,0.2
118,0.73,0.1,2.5,5.5,0.13,0.38,0.22
119,0.71,0.1,2.5,6.0,0.11,0.38,0.22
120,0.65,0.1,2.75,0.5,0.23,0.42,0.0
121,0.63,0.1,2.75,1.0,0.19,0.41,0.03
122,0.6599999999999999,0.1,2.75,1.5,0.17,0.41,0.08
123,0.6499999999999999,0.1,2.75,2.0,0.15,0.41,0.09
124,0.68,0.1,2.75,2.5,0.14,0.41,0.13
125,0.7000000000000001,0.1,2.75,3.0,0.14,0.4,0.16
126,0.66,0.1,2.75,3.5,0.13,0.39,0.14
127,0.6900000000000001,0.1,2.75,4.0,0.12,0.4,0.17
128,0.69,0.1,2.75,4.5,0.13,0.38,0.18
129,0.7,0.1,2.75,5.0,0.11,0.39,0.2
130,0.71,0.1,2.75,5.5,0.11,0.4,0.2
131,0.72,0.1,2.75,6.0,0.11,0.39,0.22
132,0.64,0.1,3.0,0.5,0.21,0.42,0.01
133,0.61,0.1,3.0,1.0,0.17,0.42,0.02
134,0.63,0.1,3.0,1.5,0.16,0.42,0.05
135,0.6699999999999999,0.1,3.0,2.0,0.15,0.41,0.11
136,0.67,0.1,3.0,2.5,0.14,0.41,0.12
137,0.65,0.1,3.0,3.0,0.12,0.4,0.13
138,0.7,0.1,3.0,3.5,0.12,0.4,0.18
139,0.6900000000000001,0.1,3.0,4.0,0.12,0.4,0.17
140,0.71,0.1,3.0,4.5,0.11,0.4,0.2
141,0.6599999999999999,0.1,3.0,5.0,0.09,0.39,0.18
142,0.69,0.1,3.0,5.5,0.09,0.39,0.21
143,0.69,0.1,3.0,6.0,0.1,0.38,0.21
144,0.8,0.2,0.25,0.5,0.73,0.03,0.04
145,0.83,0.2,0.25,1.0,0.72,0.02,0.09
146,0.87,0.2,0.25,1.5,0.7,0.01,0.16
147,0.8600000000000001,0.2,0.25,2.0,0.67,0.01,0.18
148,0.87,0.2,0.25,2.5,0.65,0.01,0.21
149,0.84,0.2,0.25,3.0,0.62,0.01,0.21
150,0.84,0.2,0.25,3.5,0.61,0.01,0.22
151,0.82,0.2,0.25,4.0,0.59,0.01,0.22
152,0.82,0.2,0.25,4.5,0.58,0.01,0.23
153,0.79,0.2,0.25,5.0,0.56,0.0,0.23
154,0.77,0.2,0.25,5.5,0.54,0.0,0.23
155,0.76,0.2,0.25,6.0,0.53,0.0,0.23
156,0.91,0.2,0.5,0.5,0.72,0.16,0.03
157,0.9299999999999999,0.2,0.5,1.0,0.7,0.14,0.09
158,1.0,0.2,0.5,1.5,0.68,0.16,0.16
159,1.0,0.2,0.5,2.0,0.65,0.14,0.21
160,1.0,0.2,0.5,2.5,0.64,0.14,0.22
161,0.94,0.2,0.5,3.0,0.61,0.1,0.23
162,0.9199999999999999,0.2,0.5,3.5,0.59,0.11,0.22
163,0.89,0.2,0.5,4.0,0.56,0.11,0.22
164,0.8400000000000001,0.2,0.5,4.5,0.55,0.07,0.22
165,0.85,0.2,0.5,5.0,0.54,0.08,0.23
166,0.8300000000000001,0.2,0.5,5.5,0.53,0.07,0.23
167,0.7999999999999999,0.2,0.5,6.0,0.5,0.08,0.22
168,0.9500000000000001,0.2,0.75,0.5,0.68,0.25,0.02
169,0.98,0.2,0.75,1.0,0.66,0.25,0.07
170,0.99,0.2,0.75,1.5,0.63,0.23,0.13
171,1.02,0.2,0.75,2.0,0.61,0.24,0.17
172,1.01,0.2,0.75,2.5,0.59,0.24,0.18
173,1.01,0.2,0.75,3.0,0.58,0.22,0.21
174,0.97,0.2,0.75,3.5,0.55,0.2,0.22
175,0.98,0.2,0.75,4.0,0.55,0.21,0.22
176,0.96,0.2,0.75,4.5,0.53,0.21,0.22
177,0.94,0.2,0.75,5.0,0.52,0.19,0.23
178,0.89,0.2,0.75,5.5,0.49,0.17,0.23
179,0.87,0.2,0.75,6.0,0.48,0.16,0.23
180,0.94,0.2,1.0,0.5,0.63,0.3,0.01
181,1.01,0.2,1.0,1.0,0.62,0.31,0.08
182,0.9999999999999999,0.2,1.0,1.5,0.6,0.29,0.11
183,1.0199999999999998,0.2,1.0,2.0,0.57,0.29,0.16
184,1.03,0.2,1.0,2.5,0.54,0.3,0.19
185,1.04,0.2,1.0,3.0,0.55,0.29,0.2
186,1.01,0.2,1.0,3.5,0.52,0.28,0.21
187,0.96,0.2,1.0,4.0,0.49,0.26,0.21
188,1.0,0.2,1.0,4.5,0.49,0.28,0.23
189,0.9199999999999999,0.2,1.0,5.0,0.48,0.23,0.21
190,0.9299999999999999,0.2,1.0,5.5,0.45,0.25,0.23
191,0.9099999999999999,0.2,1.0,6.0,0.45,0.24,0.22
192,0.95,0.2,1.25,0.5,0.6,0.34,0.01
193,0.95,0.2,1.25,1.0,0.57,0.34,0.04
194,1.0000000000000002,0.2,1.25,1.5,0.55,0.34,0.11
195,0.9900000000000001,0.2,1.25,2.0,0.51,0.34,0.14
196,0.9900000000000001,0.2,1.25,2.5,0.51,0.31,0.17
197,0.98,0.2,1.25,3.0,0.49,0.31,0.18
198,0.99,0.2,1.25,3.5,0.47,0.32,0.2
199,0.97,0.2,1.25,4.0,0.44,0.31,0.22
200,0.96,0.2,1.25,4.5,0.44,0.31,0.21
201,0.8999999999999999,0.2,1.25,5.0,0.42,0.27,0.21
202,0.8999999999999999,0.2,1.25,5.5,0.41,0.27,0.22
203,0.9,0.2,1.25,6.0,0.39,0.28,0.23
204,0.93,0.2,1.5,0.5,0.56,0.36,0.01
205,0.95,0.2,1.5,1.0,0.54,0.35,0.06
206,0.96,0.2,1.5,1.5,0.5,0.36,0.1
207,0.96,0.2,1.5,2.0,0.48,0.35,0.13
208,0.98,0.2,1.5,2.5,0.47,0.35,0.16
209,0.99,0.2,1.5,3.0,0.45,0.35,0.19
210,0.95,0.2,1.5,3.5,0.43,0.34,0.18
211,0.95,0.2,1.5,4.0,0.41,0.34,0.2
212,0.94,0.2,1.5,4.5,0.39,0.34,0.21
213,0.9199999999999999,0.2,1.5,5.0,0.39,0.31,0.22
214,0.9299999999999999,0.2,1.5,5.5,0.4,0.31,0.22
215,0.8899999999999999,0.2,1.5,6.0,0.36,0.31,0.22
216,0.91,0.2,1.75,0.5,0.53,0.38,0.0
217,0.9,0.2,1.75,1.0,0.5,0.37,0.03
218,0.94,0.2,1.75,1.5,0.48,0.38,0.08
219,0.9600000000000001,0.2,1.75,2.0,0.45,0.37,0.14
220,0.9400000000000001,0.2,1.75,2.5,0.44,0.37,0.13
221,0.92,0.2,1.75,3.0,0.42,0.35,0.15
222,0.9099999999999999,0.2,1.75,3.5,0.39,0.34,0.18
223,0.95,0.2,1.75,4.0,0.39,0.36,0.2
224,0.9099999999999999,0.2,1.75,4.5,0.36,0.34,0.21
225,0.8899999999999999,0.2,1.75,5.0,0.35,0.34,0.2
226,0.8799999999999999,0.2,1.75,5.5,0.35,0.33,0.2
227,0.88,0.2,1.75,6.0,0.34,0.33,0.21
228,0.87,0.2,2.0,0.5,0.48,0.38,0.01
229,0.8600000000000001,0.2,2.0,1.0,0.46,0.37,0.03
230,0.91,0.2,2.0,1.5,0.45,0.38,0.08
231,0.92,0.2,2.0,2.0,0.41,0.38,0.13
232,0.92,0.2,2.0,2.5,0.41,0.38,0.13
233,0.93,0.2,2.0,3.0,0.39,0.37,0.17
234,0.9,0.2,2.0,3.5,0.36,0.37,0.17
235,0.9099999999999999,0.2,2.0,4.0,0.35,0.36,0.2
236,0.8699999999999999,0.2,2.0,4.5,0.32,0.35,0.2
237,0.8600000000000001,0.2,2.0,5.0,0.32,0.34,0.2
238,0.8699999999999999,0.2,2.0,5.5,0.3,0.35,0.22
239,0.85,0.2,2.0,6.0,0.31,0.33,0.21
240,0.8400000000000001,0.2,2.25,0.5,0.45,0.39,0.0
241,0.8400000000000001,0.2,2.25,1.0,0.42,0.39,0.03
242,0.8899999999999999,0.2,2.25,1.5,0.42,0.41,0.06
243,0.87,0.2,2.25,2.0,0.39,0.39,0.09
244,0.88,0.2,2.25,2.5,0.37,0.38,0.13
245,0.84,0.2,2.25,3.0,0.35,0.37,0.12
246,0.8799999999999999,0.2,2.25,3.5,0.34,0.36,0.18
247,0.8799999999999999,0.2,2.25,4.0,0.32,0.37,0.19
248,0.8599999999999999,0.2,2.25,4.5,0.31,0.36,0.19
249,0.8599999999999999,0.2,2.25,5.0,0.3,0.36,0.2
250,0.8599999999999999,0.2,2.25,5.5,0.29,0.36,0.21
251,0.8499999999999999,0.2,2.25,6.0,0.3,0.35,0.2
252,0.8400000000000001,0.2,2.5,0.5,0.44,0.39,0.01
253,0.8200000000000001,0.2,2.5,1.0,0.41,0.39,0.02
254,0.8400000000000001,0.2,2.5,1.5,0.38,0.4,0.06
255,0.84,0.2,2.5,2.0,0.35,0.39,0.1
256,0.84,0.2,2.5,2.5,0.34,0.38,0.12
257,0.88,0.2,2.5,3.0,0.34,0.38,0.16
258,0.85,0.2,2.5,3.5,0.3,0.39,0.16
259,0.8599999999999999,0.2,2.5,4.0,0.3,0.38,0.18
260,0.82,0.2,2.5,4.5,0.29,0.36,0.17
261,0.8200000000000001,0.2,2.5,5.0,0.27,0.36,0.19
262,0.8300000000000001,0.2,2.5,5.5,0.27,0.37,0.19
263,0.81,0.2,2.5,6.0,0.26,0.35,0.2
264,0.81,0.2,2.75,0.5,0.41,0.4,0.0
265,0.81,0.2,2.75,1.0,0.39,0.4,0.02
266,0.8,0.2,2.75,1.5,0.36,0.4,0.04
267,0.8200000000000001,0.2,2.75,2.0,0.35,0.4,0.07
268,0.85,0.2,2.75,2.5,0.33,0.4,0.12
269,0.84,0.2,2.75,3.0,0.3,0.39,0.15
270,0.84,0.2,2.75,3.5,0.29,0.39,0.16
271,0.8400000000000001,0.2,2.75,4.0,0.28,0.4,0.16
272,0.8600000000000001,0.2,2.75,4.5,0.28,0.38,0.2
273,0.8200000000000001,0.2,2.75,5.0,0.26,0.38,0.18
274,0.8300000000000001,0.2,2.75,5.5,0.26,0.37,0.2
275,0.83,0.2,2.75,6.0,0.26,0.36,0.21
276,0.79,0.2,3.0,0.5,0.39,0.4,0.0
277,0.78,0.2,3.0,1.0,0.37,0.4,0.01
278,0.78,0.2,3.0,1.5,0.34,0.4,0.04
279,0.8,0.2,3.0,2.0,0.34,0.39,0.07
280,0.7999999999999999,0.2,3.0,2.5,0.3,0.4,0.1
281,0.8200000000000001,0.2,3.0,3.0,0.28,0.39,0.15
282,0.8200000000000001,0.2,3.0,3.5,0.26,0.39,0.17
283,0.8200000000000001,0.2,3.0,4.0,0.26,0.39,0.17
284,0.81,0.2,3.0,4.5,0.25,0.39,0.17
285,0.81,0.2,3.0,5.0,0.25,0.38,0.18
286,0.8,0.2,3.0,5.5,0.24,0.37,0.19
287,0.77,0.2,3.0,6.0,0.22,0.36,0.19
288,0.75,0.3,0.25,0.5,0.74,0.0,0.01
289,0.8,0.3,0.25,1.0,0.73,0.0,0.07
290,0.8099999999999999,0.3,0.25,1.5,0.72,0.0,0.09
291,0.85,0.3,0.25,2.0,0.7,0.0,0.15
292,0.8899999999999999,0.3,0.25,2.5,0.7,0.0,0.19
293,0.8700000000000001,0.3,0.25,3.0,0.68,0.0,0.19
294,0.8600000000000001,0.3,0.25,3.5,0.66,0.0,0.2
295,0.8500000000000001,0.3,0.25,4.0,0.65,0.0,0.2
296,0.86,0.3,0.25,4.5,0.64,0.0,0.22
297,0.82,0.3,0.25,5.0,0.61,0.0,0.21
298,0.8,0.3,0.25,5.5,0.6,0.0,0.2
299,0.8099999999999999,0.3,0.25,6.0,0.59,0.0,0.22
300,0.79,0.3,0.5,0.5,0.73,0.05,0.01
301,0.85,0.3,0.5,1.0,0.73,0.08,0.04
302,0.85,0.3,0.5,1.5,0.71,0.05,0.09
303,0.9,0.3,0.5,2.0,0.7,0.05,0.15
304,0.9,0.3,0.5,2.5,0.69,0.04,0.17
305,0.9000000000000001,0.3,0.5,3.0,0.68,0.04,0.18
306,0.9000000000000001,0.3,0.5,3.5,0.65,0.05,0.2
307,0.8400000000000001,0.3,0.5,4.0,0.63,0.03,0.18
308,0.8600000000000001,0.3,0.5,4.5,0.62,0.04,0.2
309,0.86,0.3,0.5,5.0,0.61,0.03,0.22
310,0.86,0.3,0.5,5.5,0.6,0.03,0.23
311,0.83,0.3,0.5,6.0,0.58,0.03,0.22
312,0.87,0.3,0.75,0.5,0.71,0.16,0.0
313,0.9299999999999999,0.3,0.75,1.0,0.71,0.16,0.06
314,0.9199999999999999,0.3,0.75,1.5,0.69,0.15,0.08
315,0.9700000000000001,0.3,0.75,2.0,0.68,0.14,0.15
316,0.9700000000000001,0.3,0.75,2.5,0.67,0.13,0.17
317,0.98,0.3,0.75,3.0,0.66,0.14,0.18
318,0.9299999999999999,0.3,0.75,3.5,0.64,0.1,0.19
319,0.9199999999999999,0.3,0.75,4.0,0.61,0.11,0.2
320,0.9299999999999999,0.3,0.75,4.5,0.62,0.1,0.21
321,0.94,0.3,0.75,5.0,0.6,0.13,0.21
322,0.8699999999999999,0.3,0.75,5.5,0.58,0.09,0.2
323,0.8799999999999999,0.3,0.75,6.0,0.57,0.1,0.21
324,0.9199999999999999,0.3,1.0,0.5,0.69,0.23,0.0
325,0.9500000000000001,0.3,1.0,1.0,0.68,0.23,0.04
326,0.98,0.3,1.0,1.5,0.67,0.23,0.08
327,1.02,0.3,1.0,2.0,0.67,0.23,0.12
328,1.03,0.3,1.0,2.5,0.65,0.23,0.15
329,1.02,0.3,1.0,3.0,0.64,0.2,0.18
330,1.01,0.3,1.0,3.5,0.62,0.2,0.19
331,0.99,0.3,1.0,4.0,0.6,0.19,0.2
332,0.95,0.3,1.0,4.5,0.58,0.17,0.2
333,0.99,0.3,1.0,5.0,0.59,0.19,0.21
334,0.98,0.3,1.0,5.5,0.56,0.2,0.22
335,0.92,0.3,1.0,6.0,0.54,0.15,0.23
336,0.9400000000000001,0.3,1.25,0.5,0.67,0.27,0.0
337,0.98,0.3,1.25,1.0,0.66,0.29,0.03
338,1.0,0.3,1.25,1.5,0.64,0.28,0.08
339,1.02,0.3,1.25,2.0,0.63,0.28,0.11
340,1.03,0.3,1.25,2.5,0.62,0.26,0.15
341,1.04,0.3,1.25,3.0,0.61,0.26,0.17
342,1.02,0.3,1.25,3.5,0.58,0.25,0.19
343,1.03,0.3,1.25,4.0,0.57,0.26,0.2
344,0.97,0.3,1.25,4.5,0.55,0.23,0.19
345,1.02,0.3,1.25,5.0,0.55,0.26,0.21
346,0.99,0.3,1.25,5.5,0.53,0.25,0.21
347,0.99,0.3,1.25,6.0,0.53,0.23,0.23
348,0.9199999999999999,0.3,1.5,0.5,0.63,0.29,0.0
349,1.0,0.3,1.5,1.0,0.64,0.32,0.04
350,1.0,0.3,1.5,1.5,0.61,0.32,0.07
351,1.03,0.3,1.5,2.0,0.61,0.32,0.1
352,0.9899999999999999,0.3,1.5,2.5,0.58,0.29,0.12
353,1.02,0.3,1.5,3.0,0.56,0.3,0.16
354,1.05,0.3,1.5,3.5,0.56,0.3,0.19
355,1.04,0.3,1.5,4.0,0.55,0.29,0.2
356,1.01,0.3,1.5,4.5,0.53,0.28,0.2
357,0.97,0.3,1.5,5.0,0.5,0.26,0.21
358,0.99,0.3,1.5,5.5,0.5,0.28,0.21
359,0.96,0.3,1.5,6.0,0.49,0.26,0.21
360,0.95,0.3,1.75,0.5,0.61,0.33,0.01
361,0.96,0.3,1.75,1.0,0.6,0.33,0.03
362,0.96,0.3,1.75,1.5,0.59,0.33,0.04
363,0.9700000000000001,0.3,1.75,2.0,0.56,0.32,0.09
364,0.9800000000000001,0.3,1.75,2.5,0.55,0.31,0.12
365,0.9800000000000001,0.3,1.75,3.0,0.53,0.31,0.14
366,0.9800000000000001,0.3,1.75,3.5,0.52,0.31,0.15
367,1.04,0.3,1.75,4.0,0.52,0.33,0.19
368,1.0,0.3,1.75,4.5,0.5,0.31,0.19
369,1.01,0.3,1.75,5.0,0.5,0.31,0.2
370,1.0,0.3,1.75,5.5,0.48,0.3,0.22
371,0.97,0.3,1.75,6.0,0.46,0.3,0.21
372,0.95,0.3,2.0,0.5,0.59,0.35,0.01
373,0.94,0.3,2.0,1.0,0.57,0.35,0.02
374,0.9500000000000001,0.3,2.0,1.5,0.56,0.36,0.03
375,0.96,0.3,2.0,2.0,0.54,0.35,0.07
376,0.9900000000000001,0.3,2.0,2.5,0.53,0.34,0.12
377,1.03,0.3,2.0,3.0,0.53,0.34,0.16
378,1.01,0.3,2.0,3.5,0.5,0.35,0.16
379,0.99,0.3,2.0,4.0,0.48,0.33,0.18
380,1.0,0.3,2.0,4.5,0.48,0.33,0.19
381,1.0,0.3,2.0,5.0,0.46,0.34,0.2
382,0.98,0.3,2.0,5.5,0.45,0.33,0.2
383,0.96,0.3,2.0,6.0,0.42,0.32,0.22
384,0.92,0.3,2.25,0.5,0.56,0.36,0.0
385,0.93,0.3,2.25,1.0,0.55,0.36,0.02
386,0.9500000000000001,0.3,2.25,1.5,0.54,0.37,0.04
387,0.96,0.3,2.25,2.0,0.52,0.36,0.08
388,0.99,0.3,2.25,2.5,0.52,0.37,0.1
389,0.97,0.3,2.25,3.0,0.48,0.36,0.13
390,0.9500000000000001,0.3,2.25,3.5,0.47,0.34,0.14
391,0.9700000000000001,0.3,2.25,4.0,0.45,0.35,0.17
392,0.98,0.3,2.25,4.5,0.45,0.34,0.19
393,0.96,0.3,2.25,5.0,0.45,0.32,0.19
394,0.97,0.3,2.25,5.5,0.42,0.35,0.2
395,0.95,0.3,2.25,6.0,0.42,0.33,0.2
396,0.91,0.3,2.5,0.5,0.54,0.37,0.0
397,0.9,0.3,2.5,1.0,0.53,0.36,0.01
398,0.9,0.3,2.5,1.5,0.5,0.37,0.03
399,0.96,0.3,2.5,2.0,0.5,0.37,0.09
400,1.0,0.3,2.5,2.5,0.49,0.38,0.13
401,0.91,0.3,2.5,3.0,0.45,0.35,0.11
402,0.9700000000000001,0.3,2.5,3.5,0.46,0.36,0.15
403,0.9400000000000001,0.3,2.5,4.0,0.44,0.35,0.15
404,0.94,0.3,2.5,4.5,0.42,0.34,0.18
405,0.9299999999999999,0.3,2.5,5.0,0.4,0.35,0.18
406,0.9099999999999999,0.3,2.5,5.5,0.39,0.34,0.18
407,0.9199999999999999,0.3,2.5,6.0,0.38,0.34,0.2
408,0.89,0.3,2.75,0.5,0.52,0.37,0.0
409,0.89,0.3,2.75,1.0,0.51,0.38,0.0
410,0.91,0.3,2.75,1.5,0.49,0.39,0.03
411,0.9299999999999999,0.3,2.75,2.0,0.48,0.38,0.07
412,0.96,0.3,2.75,2.5,0.47,0.37,0.12
413,0.93,0.3,2.75,3.0,0.44,0.38,0.11
414,0.91,0.3,2.75,3.5,0.43,0.37,0.11
415,0.9400000000000001,0.3,2.75,4.0,0.43,0.36,0.15
416,0.92,0.3,2.75,4.5,0.4,0.37,0.15
417,0.9299999999999999,0.3,2.75,5.0,0.39,0.36,0.18
418,0.9099999999999999,0.3,2.75,5.5,0.38,0.34,0.19
419,0.8899999999999999,0.3,2.75,6.0,0.36,0.34,0.19
420,0.86,0.3,3.0,0.5,0.49,0.37,0.0
421,0.85,0.3,3.0,1.0,0.47,0.37,0.01
422,0.8900000000000001,0.3,3.0,1.5,0.46,0.39,0.04
423,0.9200000000000002,0.3,3.0,2.0,0.46,0.39,0.07
424,0.93,0.3,3.0,2.5,0.44,0.39,0.1
425,0.91,0.3,3.0,3.0,0.43,0.38,0.1
426,0.88,0.3,3.0,3.5,0.4,0.36,0.12
427,0.91,0.3,3.0,4.0,0.39,0.37,0.15
428,0.9,0.3,3.0,4.5,0.37,0.37,0.16
429,0.9299999999999999,0.3,3.0,5.0,0.38,0.37,0.18
430,0.9,0.3,3.0,5.5,0.36,0.37,0.17
431,0.8799999999999999,0.3,3.0,6.0,0.35,0.35,0.18
432,0.75,0.4,0.25,0.5,0.74,0.0,0.01
433,0.75,0.4,0.25,1.0,0.74,0.0,0.01
434,0.8,0.4,0.25,1.5,0.73,0.0,0.07
435,0.85,0.4,0.25,2.0,0.72,0.0,0.13
436,0.84,0.4,0.25,2.5,0.71,0.0,0.13
437,0.85,0.4,0.25,3.0,0.7,0.0,0.15
438,0.85,0.4,0.25,3.5,0.69,0.0,0.16
439,0.8600000000000001,0.4,0.25,4.0,0.68,0.0,0.18
440,0.8600000000000001,0.4,0.25,4.5,0.67,0.0,0.19
441,0.8300000000000001,0.4,0.25,5.0,0.65,0.0,0.18
442,0.8300000000000001,0.4,0.25,5.5,0.64,0.0,0.19
443,0.85,0.4,0.25,6.0,0.63,0.0,0.22
444,0.76,0.4,0.5,0.5,0.73,0.02,0.01
445,0.77,0.4,0.5,1.0,0.73,0.01,0.03
446,0.81,0.4,0.5,1.5,0.73,0.02,0.06
447,0.85,0.4,0.5,2.0,0.72,0.02,0.11
448,0.87,0.4,0.5,2.5,0.71,0.01,0.15
449,0.87,0.4,0.5,3.0,0.7,0.02,0.15
450,0.8899999999999999,0.4,0.5,3.5,0.69,0.01,0.19
451,0.8800000000000001,0.4,0.5,4.0,0.67,0.02,0.19
452,0.91,0.4,0.5,4.5,0.67,0.02,0.22
453,0.8600000000000001,0.4,0.5,5.0,0.65,0.01,0.2
454,0.8500000000000001,0.4,0.5,5.5,0.64,0.01,0.2
455,0.85,0.4,0.5,6.0,0.63,0.01,0.21
456,0.8099999999999999,0.4,0.75,0.5,0.73,0.08,0.0
457,0.85,0.4,0.75,1.0,0.73,0.1,0.02
458,0.86,0.4,0.75,1.5,0.72,0.09,0.05
459,0.9199999999999999,0.4,0.75,2.0,0.71,0.1,0.11
460,0.9299999999999999,0.4,0.75,2.5,0.7,0.09,0.14
461,0.89,0.4,0.75,3.0,0.68,0.07,0.14
462,0.9,0.4,0.75,3.5,0.67,0.07,0.16
463,0.9299999999999999,0.4,0.75,4.0,0.67,0.06,0.2
464,0.9199999999999999,0.4,0.75,4.5,0.65,0.06,0.21
465,0.8999999999999999,0.4,0.75,5.0,0.65,0.06,0.19
466,0.8600000000000001,0.4,0.75,5.5,0.63,0.04,0.19
467,0.87,0.4,0.75,6.0,0.62,0.03,0.22
468,0.86,0.4,1.0,0.5,0.71,0.15,0.0
469,0.89,0.4,1.0,1.0,0.71,0.15,0.03
470,0.9,0.4,1.0,1.5,0.71,0.14,0.05
471,0.94,0.4,1.0,2.0,0.7,0.15,0.09
472,0.95,0.4,1.0,2.5,0.69,0.13,0.13
473,0.9600000000000001,0.4,1.0,3.0,0.68,0.14,0.14
474,0.9600000000000001,0.4,1.0,3.5,0.66,0.14,0.16
475,0.96,0.4,1.0,4.0,0.65,0.13,0.18
476,0.97,0.4,1.0,4.5,0.64,0.12,0.21
477,0.9299999999999999,0.4,1.0,5.0,0.62,0.13,0.18
478,0.95,0.4,1.0,5.5,0.62,0.12,0.21
479,0.95,0.4,1.0,6.0,0.61,0.12,0.22
480,0.9299999999999999,0.4,1.25,0.5,0.7,0.23,0.0
481,0.8999999999999999,0.4,1.25,1.0,0.69,0.2,0.01
482,0.95,0.4,1.25,1.5,0.68,0.21,0.06
483,1.02,0.4,1.25,2.0,0.69,0.24,0.09
484,0.9900000000000001,0.4,1.25,2.5,0.67,0.2,0.12
485,1.0,0.4,1.25,3.0,0.65,0.21,0.14
486,1.01,0.4,1.25,3.5,0.65,0.18,0.18
487,1.0,0.4,1.25,4.0,0.64,0.18,0.18
488,0.99,0.4,1.25,4.5,0.62,0.18,0.19
489,1.01,0.4,1.25,5.0,0.61,0.19,0.21
490,0.99,0.4,1.25,5.5,0.6,0.19,0.2
491,0.97,0.4,1.25,6.0,0.59,0.18,0.2
492,0.9400000000000001,0.4,1.5,0.5,0.68,0.26,0.0
493,0.9800000000000001,0.4,1.5,1.0,0.68,0.27,0.03
494,1.01,0.4,1.5,1.5,0.68,0.27,0.06
495,1.01,0.4,1.5,2.0,0.66,0.26,0.09
496,0.99,0.4,1.5,2.5,0.64,0.25,0.1
497,1.04,0.4,1.5,3.0,0.64,0.26,0.14
498,1.04,0.4,1.5,3.5,0.63,0.24,0.17
499,1.03,0.4,1.5,4.0,0.62,0.23,0.18
500,1.02,0.4,1.5,4.5,0.6,0.24,0.18
501,1.01,0.4,1.5,5.0,0.6,0.23,0.18
502,1.0,0.4,1.5,5.5,0.59,0.22,0.19
503,0.97,0.4,1.5,6.0,0.57,0.21,0.19
504,0.9500000000000001,0.4,1.75,0.5,0.66,0.28,0.01
505,0.98,0.4,1.75,1.0,0.66,0.3,0.02
506,0.9700000000000001,0.4,1.75,1.5,0.65,0.28,0.04
507,1.03,0.4,1.75,2.0,0.65,0.3,0.08
508,1.03,0.4,1.75,2.5,0.63,0.29,0.11
509,0.99,0.4,1.75,3.0,0.61,0.27,0.11
510,1.04,0.4,1.75,3.5,0.61,0.28,0.15
511,0.98,0.4,1.75,4.0,0.59,0.25,0.14
512,1.05,0.4,1.75,4.5,0.59,0.28,0.18
513,1.01,0.4,1.75,5.0,0.57,0.25,0.19
514,1.03,0.4,1.75,5.5,0.57,0.27,0.19
515,1.03,0.4,1.75,6.0,0.56,0.27,0.2
516,0.96,0.4,2.0,0.5,0.65,0.3,0.01
517,0.98,0.4,2.0,1.0,0.64,0.32,0.02
518,0.99,0.4,2.0,1.5,0.63,0.32,0.04
519,1.04,0.4,2.0,2.0,0.62,0.32,0.1
520,1.02,0.4,2.0,2.5,0.61,0.3,0.11
521,1.01,0.4,2.0,3.0,0.59,0.31,0.11
522,1.0099999999999998,0.4,2.0,3.5,0.57,0.3,0.14
523,1.0399999999999998,0.4,2.0,4.0,0.57,0.31,0.16
524,1.0499999999999998,0.4,2.0,4.5,0.57,0.31,0.17
525,1.05,0.4,2.0,5.0,0.56,0.29,0.2
526,1.01,0.4,2.0,5.5,0.54,0.28,0.19
527,1.01,0.4,2.0,6.0,0.53,0.28,0.2
528,0.9199999999999999,0.4,2.25,0.5,0.61,0.31,0.0
529,0.96,0.4,2.25,1.0,0.62,0.33,0.01
530,0.96,0.4,2.25,1.5,0.61,0.33,0.02
531,0.99,0.4,2.25,2.0,0.6,0.33,0.06
532,1.01,0.4,2.25,2.5,0.59,0.32,0.1
533,1.0100000000000002,0.4,2.25,3.0,0.56,0.33,0.12
534,1.02,0.4,2.25,3.5,0.56,0.33,0.13
535,1.02,0.4,2.25,4.0,0.55,0.31,0.16
536,1.02,0.4,2.25,4.5,0.53,0.31,0.18
537,1.03,0.4,2.25,5.0,0.53,0.32,0.18
538,1.02,0.4,2.25,5.5,0.52,0.3,0.2
539,1.02,0.4,2.25,6.0,0.52,0.3,0.2
540,0.95,0.4,2.5,0.5,0.6,0.34,0.01
541,0.9299999999999999,0.4,2.5,1.0,0.59,0.33,0.01
542,0.96,0.4,2.5,1.5,0.58,0.35,0.03
543,1.01,0.4,2.5,2.0,0.58,0.34,0.09
544,0.9800000000000001,0.4,2.5,2.5,0.56,0.34,0.08
545,1.0000000000000002,0.4,2.5,3.0,0.56,0.34,0.1
546,1.02,0.4,2.5,3.5,0.56,0.34,0.12
547,0.9900000000000001,0.4,2.5,4.0,0.53,0.33,0.13
548,0.9700000000000001,0.4,2.5,4.5,0.51,0.32,0.14
549,1.01,0.4,2.5,5.0,0.51,0.33,0.17
550,0.99,0.4,2.5,5.5,0.5,0.31,0.18
551,0.99,0.4,2.5,6.0,0.48,0.33,0.18
552,0.94,0.4,2.75,0.5,0.59,0.35,0.0
553,0.95,0.4,2.75,1.0,0.58,0.35,0.02
554,0.9500000000000001,0.4,2.75,1.5,0.56,0.35,0.04
555,0.9600000000000002,0.4,2.75,2.0,0.56,0.34,0.06
556,1.01,0.4,2.75,2.5,0.54,0.37,0.1
557,0.96,0.4,2.75,3.0,0.53,0.35,0.08
558,1.0,0.4,2.75,3.5,0.52,0.35,0.13
559,0.9800000000000001,0.4,2.75,4.0,0.51,0.34,0.13
560,1.0,0.4,2.75,4.5,0.5,0.33,0.17
561,0.9600000000000001,0.4,2.75,5.0,0.48,0.32,0.16
562,0.97,0.4,2.75,5.5,0.46,0.33,0.18
563,0.9700000000000001,0.4,2.75,6.0,0.47,0.33,0.17
564,0.94,0.4,3.0,0.5,0.57,0.37,0.0
565,0.92,0.4,3.0,1.0,0.56,0.36,0.0
566,0.92,0.4,3.0,1.5,0.54,0.36,0.02
567,0.93,0.4,3.0,2.0,0.53,0.37,0.03
568,0.97,0.4,3.0,2.5,0.52,0.36,0.09
569,0.94,0.4,3.0,3.0,0.51,0.36,0.07
570,0.96,0.4,3.0,3.5,0.51,0.36,0.09
571,1.0,0.4,3.0,4.0,0.5,0.36,0.14
572,0.9500000000000001,0.4,3.0,4.5,0.48,0.34,0.13
573,0.98,0.4,3.0,5.0,0.47,0.35,0.16
574,0.9600000000000001,0.4,3.0,5.5,0.45,0.35,0.16
575,0.99,0.4,3.0,6.0,0.45,0.35,0.19
576,0.75,0.5,0.25,0.5,0.74,0.0,0.01
577,0.75,0.5,0.25,1.0,0.74,0.0,0.01
578,0.77,0.5,0.25,1.5,0.73,0.0,0.04
579,0.8099999999999999,0.5,0.25,2.0,0.73,0.0,0.08
580,0.83,0.5,0.25,2.5,0.72,0.0,0.11
581,0.82,0.5,0.25,3.0,0.71,0.0,0.11
582,0.84,0.5,0.25,3.5,0.7,0.0,0.14
583,0.86,0.5,0.25,4.0,0.69,0.0,0.17
584,0.85,0.5,0.25,4.5,0.69,0.0,0.16
585,0.8700000000000001,0.5,0.25,5.0,0.68,0.0,0.19
586,0.8300000000000001,0.5,0.25,5.5,0.65,0.0,0.18
587,0.8400000000000001,0.5,0.25,6.0,0.65,0.0,0.19
588,0.76,0.5,0.5,0.5,0.74,0.02,0.0
589,0.79,0.5,0.5,1.0,0.74,0.02,0.03
590,0.78,0.5,0.5,1.5,0.73,0.0,0.05
591,0.8,0.5,0.5,2.0,0.73,0.0,0.07
592,0.86,0.5,0.5,2.5,0.72,0.01,0.13
593,0.86,0.5,0.5,3.0,0.71,0.01,0.14
594,0.86,0.5,0.5,3.5,0.7,0.01,0.15
595,0.8899999999999999,0.5,0.5,4.0,0.7,0.01,0.18
596,0.8699999999999999,0.5,0.5,4.5,0.69,0.0,0.18
597,0.8700000000000001,0.5,0.5,5.0,0.68,0.0,0.19
598,0.8700000000000001,0.5,0.5,5.5,0.67,0.0,0.2
599,0.8600000000000001,0.5,0.5,6.0,0.66,0.0,0.2
600,0.8,0.5,0.75,0.5,0.73,0.07,0.0
601,0.79,0.5,0.75,1.0,0.73,0.05,0.01
602,0.8300000000000001,0.5,0.75,1.5,0.73,0.05,0.05
603,0.83,0.5,0.75,2.0,0.72,0.03,0.08
604,0.87,0.5,0.75,2.5,0.72,0.04,0.11
605,0.87,0.5,0.75,3.0,0.71,0.04,0.12
606,0.89,0.5,0.75,3.5,0.7,0.05,0.14
607,0.88,0.5,0.75,4.0,0.69,0.04,0.15
608,0.8900000000000001,0.5,0.75,4.5,0.68,0.03,0.18
609,0.8800000000000001,0.5,0.75,5.0,0.67,0.03,0.18
610,0.8900000000000001,0.5,0.75,5.5,0.66,0.04,0.19
611,0.8800000000000001,0.5,0.75,6.0,0.65,0.03,0.2
612,0.83,0.5,1.0,0.5,0.72,0.1,0.01
613,0.85,0.5,1.0,1.0,0.72,0.11,0.02
614,0.88,0.5,1.0,1.5,0.72,0.11,0.05
615,0.84,0.5,1.0,2.0,0.71,0.1,0.03
616,0.8999999999999999,0.5,1.0,2.5,0.71,0.08,0.11
617,0.9099999999999999,0.5,1.0,3.0,0.7,0.1,0.11
618,0.94,0.5,1.0,3.5,0.69,0.07,0.18
619,0.92,0.5,1.0,4.0,0.68,0.07,0.17
620,0.97,0.5,1.0,4.5,0.68,0.09,0.2
621,0.9099999999999999,0.5,1.0,5.0,0.66,0.07,0.18
622,0.9299999999999999,0.5,1.0,5.5,0.65,0.09,0.19
623,0.9199999999999999,0.5,1.0,6.0,0.65,0.07,0.2
624,0.88,0.5,1.25,0.5,0.71,0.17,0.0
625,0.86,0.5,1.25,1.0,0.71,0.14,0.01
626,0.9,0.5,1.25,1.5,0.71,0.16,0.03
627,0.9299999999999999,0.5,1.25,2.0,0.7,0.16,0.07
628,0.9099999999999999,0.5,1.25,2.5,0.69,0.14,0.08
629,0.96,0.5,1.25,3.0,0.69,0.15,0.12
630,0.98,0.5,1.25,3.5,0.69,0.14,0.15
631,0.9900000000000001,0.5,1.25,4.0,0.68,0.15,0.16
632,0.9600000000000001,0.5,1.25,4.5,0.66,0.13,0.17
633,0.98,0.5,1.25,5.0,0.65,0.14,0.19
634,0.98,0.5,1.25,5.5,0.64,0.13,0.21
635,0.96,0.5,1.25,6.0,0.64,0.13,0.19
636,0.9099999999999999,0.5,1.5,0.5,0.7,0.2,0.01
637,0.8999999999999999,0.5,1.5,1.0,0.7,0.2,0.0
638,0.96,0.5,1.5,1.5,0.7,0.21,0.05
639,0.96,0.5,1.5,2.0,0.69,0.21,0.06
640,0.98,0.5,1.5,2.5,0.68,0.21,0.09
641,1.01,0.5,1.5,3.0,0.68,0.18,0.15
642,0.9800000000000001,0.5,1.5,3.5,0.67,0.18,0.13
643,1.03,0.5,1.5,4.0,0.67,0.2,0.16
644,0.9900000000000001,0.5,1.5,4.5,0.64,0.18,0.17
645,1.02,0.5,1.5,5.0,0.65,0.19,0.18
646,1.0,0.5,1.5,5.5,0.63,0.17,0.2
647,0.97,0.5,1.5,6.0,0.63,0.14,0.2
648,0.9299999999999999,0.5,1.75,0.5,0.69,0.24,0.0
649,0.95,0.5,1.75,1.0,0.69,0.25,0.01
650,0.9700000000000001,0.5,1.75,1.5,0.68,0.25,0.04
651,0.96,0.5,1.75,2.0,0.67,0.22,0.07
652,0.98,0.5,1.75,2.5,0.67,0.24,0.07
653,0.99,0.5,1.75,3.0,0.65,0.23,0.11
654,1.01,0.5,1.75,3.5,0.65,0.23,0.13
655,1.03,0.5,1.75,4.0,0.65,0.23,0.15
656,1.04,0.5,1.75,4.5,0.64,0.22,0.18
657,1.03,0.5,1.75,5.0,0.63,0.21,0.19
658,1.03,0.5,1.75,5.5,0.62,0.22,0.19
659,1.02,0.5,1.75,6.0,0.61,0.2,0.21
660,0.9500000000000001,0.5,2.0,0.5,0.67,0.27,0.01
661,0.9400000000000001,0.5,2.0,1.0,0.67,0.26,0.01
662,0.9800000000000001,0.5,2.0,1.5,0.67,0.28,0.03
663,0.98,0.5,2.0,2.0,0.66,0.26,0.06
664,0.99,0.5,2.0,2.5,0.65,0.26,0.08
665,1.01,0.5,2.0,3.0,0.64,0.28,0.09
666,1.02,0.5,2.0,3.5,0.63,0.25,0.14
667,1.03,0.5,2.0,4.0,0.63,0.25,0.15
668,1.0,0.5,2.0,4.5,0.62,0.25,0.13
669,1.0,0.5,2.0,5.0,0.6,0.24,0.16
670,1.04,0.5,2.0,5.5,0.6,0.26,0.18
671,1.03,0.5,2.0,6.0,0.59,0.25,0.19
672,0.95,0.5,2.25,0.5,0.66,0.29,0.0
673,0.98,0.5,2.25,1.0,0.66,0.31,0.01
674,0.99,0.5,2.25,1.5,0.66,0.3,0.03
675,0.98,0.5,2.25,2.0,0.64,0.29,0.05
676,0.99,0.5,2.25,2.5,0.63,0.28,0.08
677,1.02,0.5,2.25,3.0,0.63,0.28,0.11
678,1.03,0.5,2.25,3.5,0.62,0.27,0.14
679,1.02,0.5,2.25,4.0,0.61,0.28,0.13
680,1.0699999999999998,0.5,2.25,4.5,0.6,0.3,0.17
681,1.05,0.5,2.25,5.0,0.6,0.28,0.17
682,1.03,0.5,2.25,5.5,0.58,0.27,0.18
683,1.04,0.5,2.25,6.0,0.57,0.28,0.19
684,0.94,0.5,2.5,0.5,0.64,0.3,0.0
685,0.95,0.5,2.5,1.0,0.64,0.31,0.0
686,0.96,0.5,2.5,1.5,0.63,0.31,0.02
687,0.99,0.5,2.5,2.0,0.62,0.32,0.05
688,0.9899999999999999,0.5,2.5,2.5,0.61,0.3,0.08
689,0.9999999999999999,0.5,2.5,3.0,0.6,0.31,0.09
690,1.04,0.5,2.5,3.5,0.59,0.32,0.13
691,0.9999999999999999,0.5,2.5,4.0,0.58,0.3,0.12
692,1.0399999999999998,0.5,2.5,4.5,0.57,0.32,0.15
693,1.02,0.5,2.5,5.0,0.56,0.29,0.17
694,1.0299999999999998,0.5,2.5,5.5,0.57,0.3,0.16
695,1.01,0.5,2.5,6.0,0.54,0.28,0.19
696,0.96,0.5,2.75,0.5,0.63,0.33,0.0
697,0.96,0.5,2.75,1.0,0.62,0.34,0.0
698,0.98,0.5,2.75,1.5,0.63,0.33,0.02
699,0.97,0.5,2.75,2.0,0.61,0.33,0.03
700,0.99,0.5,2.75,2.5,0.6,0.32,0.07
701,0.9799999999999999,0.5,2.75,3.0,0.58,0.31,0.09
702,1.04,0.5,2.75,3.5,0.58,0.33,0.13
703,0.9899999999999999,0.5,2.75,4.0,0.57,0.3,0.12
704,1.0799999999999998,0.5,2.75,4.5,0.58,0.34,0.16
705,1.0,0.5,2.75,5.0,0.54,0.31,0.15
706,1.03,0.5,2.75,5.5,0.55,0.31,0.17
707,1.03,0.5,2.75,6.0,0.53,0.32,0.18
708,0.95,0.5,3.0,0.5,0.61,0.34,0.0
709,0.9299999999999999,0.5,3.0,1.0,0.6,0.33,0.0
710,0.97,0.5,3.0,1.5,0.6,0.34,0.03
711,0.98,0.5,3.0,2.0,0.59,0.34,0.05
712,0.99,0.5,3.0,2.5,0.59,0.34,0.06
713,0.9999999999999999,0.5,3.0,3.0,0.58,0.33,0.09
714,0.9800000000000001,0.5,3.0,3.5,0.56,0.33,0.09
715,1.0100000000000002,0.5,3.0,4.0,0.56,0.33,0.12
716,1.02,0.5,3.0,4.5,0.55,0.34,0.13
717,1.02,0.5,3.0,5.0,0.55,0.32,0.15
718,1.01,0.5,3.0,5.5,0.53,0.32,0.16
719,1.01,0.5,3.0,6.0,0.52,0.32,0.17
720,0.74,0.6,0.25,0.5,0.74,0.0,0.0
721,0.74,0.6,0.25,1.0,0.74,0.0,0.0
722,0.76,0.6,0.25,1.5,0.74,0.0,0.02
723,0.78,0.6,0.25,2.0,0.73,0.0,0.05
724,0.8099999999999999,0.6,0.25,2.5,0.73,0.0,0.08
725,0.84,0.6,0.25,3.0,0.72,0.0,0.12
726,0.86,0.6,0.25,3.5,0.71,0.0,0.15
727,0.85,0.6,0.25,4.0,0.71,0.0,0.14
728,0.84,0.6,0.25,4.5,0.7,0.0,0.14
729,0.8699999999999999,0.6,0.25,5.0,0.69,0.0,0.18
730,0.8500000000000001,0.6,0.25,5.5,0.68,0.0,0.17
731,0.8500000000000001,0.6,0.25,6.0,0.67,0.0,0.18
732,0.74,0.6,0.5,0.5,0.74,0.0,0.0
733,0.76,0.6,0.5,1.0,0.74,0.0,0.02
734,0.75,0.6,0.5,1.5,0.73,0.0,0.02
735,0.79,0.6,0.5,2.0,0.73,0.0,0.06
736,0.7999999999999999,0.6,0.5,2.5,0.72,0.0,0.08
737,0.83,0.6,0.5,3.0,0.72,0.0,0.11
738,0.82,0.6,0.5,3.5,0.71,0.0,0.11
739,0.86,0.6,0.5,4.0,0.7,0.0,0.16
740,0.82,0.6,0.5,4.5,0.69,0.0,0.13
741,0.86,0.6,0.5,5.0,0.69,0.0,0.17
742,0.8400000000000001,0.6,0.5,5.5,0.68,0.0,0.16
743,0.8500000000000001,0.6,0.5,6.0,0.67,0.0,0.18
744,0.76,0.6,0.75,0.5,0.73,0.03,0.0
745,0.76,0.6,0.75,1.0,0.73,0.03,0.0
746,0.79,0.6,0.75,1.5,0.73,0.03,0.03
747,0.79,0.6,0.75,2.0,0.73,0.01,0.05
748,0.82,0.6,0.75,2.5,0.72,0.02,0.08
749,0.84,0.6,0.75,3.0,0.72,0.01,0.11
750,0.86,0.6,0.75,3.5,0.71,0.01,0.14
751,0.84,0.6,0.75,4.0,0.7,0.02,0.12
752,0.86,0.6,0.75,4.5,0.69,0.02,0.15
753,0.89,0.6,0.75,5.0,0.69,0.03,0.17
754,0.8600000000000001,0.6,0.75,5.5,0.68,0.01,0.17
755,0.89,0.6,0.75,6.0,0.67,0.01,0.21
756,0.8,0.6,1.0,0.5,0.73,0.07,0.0
757,0.8,0.6,1.0,1.0,0.73,0.07,0.0
758,0.8200000000000001,0.6,1.0,1.5,0.73,0.05,0.04
759,0.8400000000000001,0.6,1.0,2.0,0.72,0.07,0.05
760,0.86,0.6,1.0,2.5,0.72,0.05,0.09
761,0.88,0.6,1.0,3.0,0.71,0.06,0.11
762,0.89,0.6,1.0,3.5,0.7,0.06,0.13
763,0.9,0.6,1.0,4.0,0.7,0.05,0.15
764,0.92,0.6,1.0,4.5,0.69,0.06,0.17
765,0.9000000000000001,0.6,1.0,5.0,0.68,0.05,0.17
766,0.9100000000000001,0.6,1.0,5.5,0.68,0.05,0.18
767,0.9200000000000002,0.6,1.0,6.0,0.67,0.05,0.2
768,0.83,0.6,1.25,0.5,0.72,0.11,0.0
769,0.85,0.6,1.25,1.0,0.72,0.12,0.01
770,0.85,0.6,1.25,1.5,0.72,0.11,0.02
771,0.88,0.6,1.25,2.0,0.72,0.13,0.03
772,0.8799999999999999,0.6,1.25,2.5,0.71,0.11,0.06
773,0.9199999999999999,0.6,1.25,3.0,0.71,0.1,0.11
774,0.8999999999999999,0.6,1.25,3.5,0.69,0.09,0.12
775,0.9299999999999999,0.6,1.25,4.0,0.69,0.1,0.14
776,0.97,0.6,1.25,4.5,0.69,0.11,0.17
777,0.93,0.6,1.25,5.0,0.67,0.1,0.16
778,0.97,0.6,1.25,5.5,0.67,0.11,0.19
779,0.96,0.6,1.25,6.0,0.67,0.1,0.19
780,0.88,0.6,1.5,0.5,0.72,0.16,0.0
781,0.89,0.6,1.5,1.0,0.72,0.17,0.0
782,0.88,0.6,1.5,1.5,0.71,0.15,0.02
783,0.9099999999999999,0.6,1.5,2.0,0.71,0.14,0.06
784,0.9199999999999999,0.6,1.5,2.5,0.7,0.15,0.07
785,0.97,0.6,1.5,3.0,0.7,0.16,0.11
786,0.94,0.6,1.5,3.5,0.69,0.14,0.11
787,0.9900000000000001,0.6,1.5,4.0,0.68,0.16,0.15
788,0.9900000000000001,0.6,1.5,4.5,0.67,0.15,0.17
789,0.99,0.6,1.5,5.0,0.67,0.14,0.18
790,1.0,0.6,1.5,5.5,0.66,0.16,0.18
791,0.9600000000000001,0.6,1.5,6.0,0.65,0.14,0.17
792,0.8999999999999999,0.6,1.75,0.5,0.71,0.18,0.01
793,0.9099999999999999,0.6,1.75,1.0,0.71,0.2,0.0
794,0.9199999999999999,0.6,1.75,1.5,0.7,0.2,0.02
795,0.95,0.6,1.75,2.0,0.7,0.2,0.05
796,0.9299999999999999,0.6,1.75,2.5,0.69,0.16,0.08
797,0.94,0.6,1.75,3.0,0.69,0.17,0.08
798,0.9500000000000001,0.6,1.75,3.5,0.67,0.17,0.11
799,0.9800000000000001,0.6,1.75,4.0,0.67,0.17,0.14
800,1.0,0.6,1.75,4.5,0.67,0.19,0.14
801,1.02,0.6,1.75,5.0,0.67,0.18,0.17
802,0.99,0.6,1.75,5.5,0.65,0.16,0.18
803,1.0,0.6,1.75,6.0,0.64,0.18,0.18
804,0.8999999999999999,0.6,2.0,0.5,0.69,0.21,0.0
805,0.9199999999999999,0.6,2.0,1.0,0.69,0.22,0.01
806,0.96,0.6,2.0,1.5,0.7,0.24,0.02
807,0.95,0.6,2.0,2.0,0.69,0.22,0.04
808,0.9400000000000001,0.6,2.0,2.5,0.67,0.22,0.05
809,0.97,0.6,2.0,3.0,0.67,0.23,0.07
810,0.98,0.6,2.0,3.5,0.66,0.21,0.11
811,1.01,0.6,2.0,4.0,0.66,0.21,0.14
812,1.0,0.6,2.0,4.5,0.65,0.21,0.14
813,1.01,0.6,2.0,5.0,0.65,0.2,0.16
814,1.02,0.6,2.0,5.5,0.64,0.22,0.16
815,1.03,0.6,2.0,6.0,0.63,0.23,0.17
816,0.92,0.6,2.25,0.5,0.68,0.24,0.0
817,0.9500000000000001,0.6,2.25,1.0,0.68,0.26,0.01
818,0.9600000000000001,0.6,2.25,1.5,0.68,0.26,0.02
819,0.9800000000000001,0.6,2.25,2.0,0.67,0.27,0.04
820,0.95,0.6,2.25,2.5,0.66,0.23,0.06
821,0.99,0.6,2.25,3.0,0.65,0.25,0.09
822,1.03,0.6,2.25,3.5,0.65,0.24,0.14
823,1.02,0.6,2.25,4.0,0.65,0.25,0.12
824,1.02,0.6,2.25,4.5,0.64,0.23,0.15
825,1.03,0.6,2.25,5.0,0.63,0.25,0.15
826,1.04,0.6,2.25,5.5,0.63,0.25,0.16
827,1.05,0.6,2.25,6.0,0.62,0.24,0.19
828,0.9500000000000001,0.6,2.5,0.5,0.67,0.28,0.0
829,0.9500000000000001,0.6,2.5,1.0,0.67,0.28,0.0
830,1.0,0.6,2.5,1.5,0.67,0.29,0.04
831,1.02,0.6,2.5,2.0,0.66,0.31,0.05
832,0.99,0.6,2.5,2.5,0.65,0.29,0.05
833,1.01,0.6,2.5,3.0,0.64,0.29,0.08
834,1.04,0.6,2.5,3.5,0.64,0.29,0.11
835,1.03,0.6,2.5,4.0,0.64,0.27,0.12
836,1.05,0.6,2.5,4.5,0.63,0.27,0.15
837,1.06,0.6,2.5,5.0,0.62,0.28,0.16
838,1.06,0.6,2.5,5.5,0.61,0.27,0.18
839,1.04,0.6,2.5,6.0,0.6,0.26,0.18
840,0.94,0.6,2.75,0.5,0.65,0.29,0.0
841,0.96,0.6,2.75,1.0,0.66,0.29,0.01
842,0.96,0.6,2.75,1.5,0.65,0.3,0.01
843,1.0,0.6,2.75,2.0,0.64,0.31,0.05
844,1.01,0.6,2.75,2.5,0.63,0.3,0.08
845,1.02,0.6,2.75,3.0,0.63,0.3,0.09
846,1.01,0.6,2.75,3.5,0.62,0.28,0.11
847,1.02,0.6,2.75,4.0,0.62,0.3,0.1
848,1.01,0.6,2.75,4.5,0.61,0.29,0.11
849,1.0499999999999998,0.6,2.75,5.0,0.6,0.29,0.16
850,1.04,0.6,2.75,5.5,0.6,0.28,0.16
851,1.01,0.6,2.75,6.0,0.58,0.28,0.15
852,0.96,0.6,3.0,0.5,0.65,0.31,0.0
853,0.95,0.6,3.0,1.0,0.64,0.3,0.01
854,0.97,0.6,3.0,1.5,0.64,0.32,0.01
855,0.97,0.6,3.0,2.0,0.62,0.31,0.04
856,1.01,0.6,3.0,2.5,0.63,0.32,0.06
857,1.02,0.6,3.0,3.0,0.62,0.32,0.08
858,0.9999999999999999,0.6,3.0,3.5,0.61,0.31,0.08
859,0.9999999999999999,0.6,3.0,4.0,0.6,0.3,0.1
860,0.9999999999999999,0.6,3.0,4.5,0.59,0.3,0.11
861,1.0299999999999998,0.6,3.0,5.0,0.58,0.3,0.15
862,1.0099999999999998,0.6,3.0,5.5,0.57,0.3,0.14
863,1.0699999999999998,0.6,3.0,6.0,0.58,0.31,0.18
864,0.74,0.7,0.25,0.5,0.74,0.0,0.0
865,0.74,0.7,0.25,1.0,0.74,0.0,0.0
866,0.76,0.7,0.25,1.5,0.74,0.0,0.02
867,0.76,0.7,0.25,2.0,0.73,0.0,0.03
868,0.82,0.7,0.25,2.5,0.73,0.0,0.09
869,0.82,0.7,0.25,3.0,0.73,0.0,0.09
870,0.82,0.7,0.25,3.5,0.72,0.0,0.1
871,0.85,0.7,0.25,4.0,0.72,0.0,0.13
872,0.86,0.7,0.25,4.5,0.71,0.0,0.15
873,0.86,0.7,0.25,5.0,0.7,0.0,0.16
874,0.82,0.7,0.25,5.5,0.69,0.0,0.13
875,0.8500000000000001,0.7,0.25,6.0,0.68,0.0,0.17
876,0.76,0.7,0.5,0.5,0.74,0.01,0.01
877,0.75,0.7,0.5,1.0,0.74,0.0,0.01
878,0.76,0.7,0.5,1.5,0.74,0.0,0.02
879,0.77,0.7,0.5,2.0,0.73,0.0,0.04
880,0.79,0.7,0.5,2.5,0.73,0.0,0.06
881,0.83,0.7,0.5,3.0,0.73,0.0,0.1
882,0.84,0.7,0.5,3.5,0.72,0.0,0.12
883,0.83,0.7,0.5,4.0,0.71,0.0,0.12
884,0.84,0.7,0.5,4.5,0.71,0.0,0.13
885,0.84,0.7,0.5,5.0,0.7,0.0,0.14
886,0.82,0.7,0.5,5.5,0.69,0.0,0.13
887,0.86,0.7,0.5,6.0,0.69,0.0,0.17
888,0.77,0.7,0.75,0.5,0.74,0.03,0.0
889,0.76,0.7,0.75,1.0,0.74,0.02,0.0
890,0.76,0.7,0.75,1.5,0.74,0.01,0.01
891,0.78,0.7,0.75,2.0,0.73,0.01,0.04
892,0.81,0.7,0.75,2.5,0.73,0.01,0.07
893,0.8099999999999999,0.7,0.75,3.0,0.72,0.01,0.08
894,0.84,0.7,0.75,3.5,0.72,0.01,0.11
895,0.86,0.7,0.75,4.0,0.72,0.0,0.14
896,0.85,0.7,0.75,4.5,0.7,0.01,0.14
897,0.84,0.7,0.75,5.0,0.69,0.01,0.14
898,0.84,0.7,0.75,5.5,0.69,0.0,0.15
899,0.8500000000000001,0.7,0.75,6.0,0.68,0.01,0.16
900,0.78,0.7,1.0,0.5,0.73,0.05,0.0
901,0.78,0.7,1.0,1.0,0.73,0.05,0.0
902,0.79,0.7,1.0,1.5,0.73,0.04,0.02
903,0.81,0.7,1.0,2.0,0.73,0.04,0.04
904,0.81,0.7,1.0,2.5,0.72,0.04,0.05
905,0.83,0.7,1.0,3.0,0.72,0.02,0.09
906,0.87,0.7,1.0,3.5,0.72,0.04,0.11
907,0.86,0.7,1.0,4.0,0.71,0.03,0.12
908,0.88,0.7,1.0,4.5,0.7,0.03,0.15
909,0.87,0.7,1.0,5.0,0.69,0.02,0.16
910,0.88,0.7,1.0,5.5,0.69,0.02,0.17
911,0.8800000000000001,0.7,1.0,6.0,0.68,0.03,0.17
912,0.8,0.7,1.25,0.5,0.73,0.07,0.0
913,0.7999999999999999,0.7,1.25,1.0,0.72,0.08,0.0
914,0.8200000000000001,0.7,1.25,1.5,0.73,0.07,0.02
915,0.84,0.7,1.25,2.0,0.73,0.08,0.03
916,0.8799999999999999,0.7,1.25,2.5,0.72,0.09,0.07
917,0.8400000000000001,0.7,1.25,3.0,0.71,0.07,0.06
918,0.9099999999999999,0.7,1.25,3.5,0.71,0.08,0.12
919,0.87,0.7,1.25,4.0,0.7,0.07,0.1
920,0.87,0.7,1.25,4.5,0.7,0.05,0.12
921,0.89,0.7,1.25,5.0,0.69,0.05,0.15
922,0.9199999999999999,0.7,1.25,5.5,0.68,0.06,0.18
923,0.94,0.7,1.25,6.0,0.69,0.07,0.18
924,0.86,0.7,1.5,0.5,0.72,0.14,0.0
925,0.85,0.7,1.5,1.0,0.72,0.13,0.0
926,0.85,0.7,1.5,1.5,0.72,0.11,0.02
927,0.87,0.7,1.5,2.0,0.72,0.12,0.03
928,0.88,0.7,1.5,2.5,0.71,0.12,0.05
929,0.8899999999999999,0.7,1.5,3.0,0.71,0.11,0.07
930,0.8899999999999999,0.7,1.5,3.5,0.7,0.12,0.07
931,0.94,0.7,1.5,4.0,0.7,0.11,0.13
932,0.98,0.7,1.5,4.5,0.7,0.13,0.15
933,0.9400000000000001,0.7,1.5,5.0,0.68,0.12,0.14
934,0.98,0.7,1.5,5.5,0.69,0.11,0.18
935,0.9500000000000001,0.7,1.5,6.0,0.67,0.11,0.17
936,0.86,0.7,1.75,0.5,0.71,0.15,0.0
937,0.88,0.7,1.75,1.0,0.71,0.16,0.01
938,0.91,0.7,1.75,1.5,0.72,0.17,0.02
939,0.91,0.7,1.75,2.0,0.71,0.17,0.03
940,0.9,0.7,1.75,2.5,0.7,0.15,0.05
941,0.94,0.7,1.75,3.0,0.7,0.16,0.08
942,0.94,0.7,1.75,3.5,0.7,0.13,0.11
943,0.95,0.7,1.75,4.0,0.69,0.15,0.11
944,0.97,0.7,1.75,4.5,0.69,0.14,0.14
945,0.9400000000000001,0.7,1.75,5.0,0.67,0.14,0.13
946,0.9700000000000001,0.7,1.75,5.5,0.67,0.14,0.16
947,0.9700000000000001,0.7,1.75,6.0,0.67,0.14,0.16
948,0.8899999999999999,0.7,2.0,0.5,0.71,0.18,0.0
949,0.9099999999999999,0.7,2.0,1.0,0.71,0.19,0.01
950,0.9099999999999999,0.7,2.0,1.5,0.71,0.19,0.01
951,0.8999999999999999,0.7,2.0,2.0,0.7,0.18,0.02
952,0.95,0.7,2.0,2.5,0.7,0.19,0.06
953,0.9200000000000002,0.7,2.0,3.0,0.68,0.17,0.07
954,0.9899999999999999,0.7,2.0,3.5,0.69,0.18,0.12
955,1.0,0.7,2.0,4.0,0.68,0.2,0.12
956,0.9900000000000001,0.7,2.0,4.5,0.67,0.19,0.13
957,1.02,0.7,2.0,5.0,0.67,0.2,0.15
958,0.9900000000000001,0.7,2.0,5.5,0.67,0.18,0.14
959,1.02,0.7,2.0,6.0,0.66,0.18,0.18
960,0.9099999999999999,0.7,2.25,0.5,0.7,0.2,0.01
961,0.9099999999999999,0.7,2.25,1.0,0.7,0.21,0.0
962,0.94,0.7,2.25,1.5,0.69,0.24,0.01
963,0.95,0.7,2.25,2.0,0.69,0.23,0.03
964,0.95,0.7,2.25,2.5,0.69,0.23,0.03
965,0.98,0.7,2.25,3.0,0.68,0.23,0.07
966,0.97,0.7,2.25,3.5,0.67,0.22,0.08
967,1.04,0.7,2.25,4.0,0.68,0.23,0.13
968,1.02,0.7,2.25,4.5,0.68,0.22,0.12
969,1.01,0.7,2.25,5.0,0.66,0.22,0.13
970,1.05,0.7,2.25,5.5,0.66,0.22,0.17
971,1.04,0.7,2.25,6.0,0.65,0.22,0.17
972,0.94,0.7,2.5,0.5,0.69,0.25,0.0
973,0.93,0.7,2.5,1.0,0.68,0.25,0.0
974,0.95,0.7,2.5,1.5,0.69,0.25,0.01
975,0.98,0.7,2.5,2.0,0.69,0.25,0.04
976,0.9800000000000001,0.7,2.5,2.5,0.68,0.25,0.05
977,0.98,0.7,2.5,3.0,0.67,0.24,0.07
978,0.98,0.7,2.5,3.5,0.66,0.25,0.07
979,1.02,0.7,2.5,4.0,0.66,0.26,0.1
980,1.03,0.7,2.5,4.5,0.66,0.24,0.13
981,1.02,0.7,2.5,5.0,0.65,0.23,0.14
982,1.02,0.7,2.5,5.5,0.65,0.24,0.13
983,1.02,0.7,2.5,6.0,0.64,0.22,0.16
984,0.93,0.7,2.75,0.5,0.68,0.25,0.0
985,0.9400000000000001,0.7,2.75,1.0,0.67,0.27,0.0
986,0.9400000000000001,0.7,2.75,1.5,0.67,0.26,0.01
987,0.9700000000000001,0.7,2.75,2.0,0.67,0.27,0.03
988,0.96,0.7,2.75,2.5,0.66,0.24,0.06
989,1.0,0.7,2.75,3.0,0.65,0.28,0.07
990,1.01,0.7,2.75,3.5,0.65,0.27,0.09
991,1.0,0.7,2.75,4.0,0.64,0.27,0.09
992,1.03,0.7,2.75,4.5,0.65,0.27,0.11
993,1.03,0.7,2.75,5.0,0.64,0.27,0.12
994,1.07,0.7,2.75,5.5,0.64,0.26,0.17
995,1.05,0.7,2.75,6.0,0.64,0.27,0.14
996,0.93,0.7,3.0,0.5,0.66,0.27,0.0
997,0.97,0.7,3.0,1.0,0.67,0.29,0.01
998,0.9500000000000001,0.7,3.0,1.5,0.66,0.28,0.01
999,0.98,0.7,3.0,2.0,0.66,0.3,0.02
1000,1.03,0.7,3.0,2.5,0.66,0.31,0.06
1001,1.04,0.7,3.0,3.0,0.65,0.31,0.08
1002,1.0,0.7,3.0,3.5,0.64,0.29,0.07
1003,1.01,0.7,3.0,4.0,0.63,0.28,0.1
1004,1.01,0.7,3.0,4.5,0.63,0.28,0.1
1005,1.03,0.7,3.0,5.0,0.63,0.28,0.12
1006,1.0,0.7,3.0,5.5,0.6,0.26,0.14
1007,1.03,0.7,3.0,6.0,0.61,0.27,0.15
1008,0.74,0.8,0.25,0.5,0.74,0.0,0.0
1009,0.74,0.8,0.25,1.0,0.74,0.0,0.0
1010,0.76,0.8,0.25,1.5,0.74,0.0,0.02
1011,0.78,0.8,0.25,2.0,0.74,0.0,0.04
1012,0.79,0.8,0.25,2.5,0.73,0.0,0.06
1013,0.8099999999999999,0.8,0.25,3.0,0.73,0.0,0.08
1014,0.84,0.8,0.25,3.5,0.73,0.0,0.11
1015,0.82,0.8,0.25,4.0,0.71,0.0,0.11
1016,0.86,0.8,0.25,4.5,0.71,0.0,0.15
1017,0.84,0.8,0.25,5.0,0.71,0.0,0.13
1018,0.83,0.8,0.25,5.5,0.7,0.0,0.13
1019,0.84,0.8,0.25,6.0,0.7,0.0,0.14
1020,0.74,0.8,0.5,0.5,0.74,0.0,0.0
1021,0.74,0.8,0.5,1.0,0.74,0.0,0.0
1022,0.76,0.8,0.5,1.5,0.74,0.0,0.02
1023,0.76,0.8,0.5,2.0,0.73,0.0,0.03
1024,0.77,0.8,0.5,2.5,0.73,0.0,0.04
1025,0.8099999999999999,0.8,0.5,3.0,0.73,0.0,0.08
1026,0.83,0.8,0.5,3.5,0.72,0.0,0.11
1027,0.85,0.8,0.5,4.0,0.72,0.0,0.13
1028,0.85,0.8,0.5,4.5,0.72,0.0,0.13
1029,0.87,0.8,0.5,5.0,0.71,0.0,0.16
1030,0.85,0.8,0.5,5.5,0.7,0.0,0.15
1031,0.83,0.8,0.5,6.0,0.69,0.0,0.14
1032,0.75,0.8,0.75,0.5,0.74,0.01,0.0
1033,0.75,0.8,0.75,1.0,0.74,0.01,0.0
1034,0.76,0.8,0.75,1.5,0.74,0.01,0.01
1035,0.75,0.8,0.75,2.0,0.73,0.0,0.02
1036,0.79,0.8,0.75,2.5,0.73,0.0,0.06
1037,0.79,0.8,0.75,3.0,0.72,0.0,0.07
1038,0.8099999999999999,0.8,0.75,3.5,0.72,0.0,0.09
1039,0.82,0.8,0.75,4.0,0.72,0.0,0.1
1040,0.86,0.8,0.75,4.5,0.71,0.01,0.14
1041,0.83,0.8,0.75,5.0,0.71,0.0,0.12
1042,0.86,0.8,0.75,5.5,0.7,0.0,0.16
1043,0.85,0.8,0.75,6.0,0.69,0.0,0.16
1044,0.75,0.8,1.0,0.5,0.73,0.02,0.0
1045,0.78,0.8,1.0,1.0,0.74,0.03,0.01
1046,0.78,0.8,1.0,1.5,0.74,0.03,0.01
1047,0.77,0.8,1.0,2.0,0.73,0.01,0.03
1048,0.79,0.8,1.0,2.5,0.73,0.02,0.04
1049,0.82,0.8,1.0,3.0,0.72,0.02,0.08
1050,0.83,0.8,1.0,3.5,0.72,0.01,0.1
1051,0.85,0.8,1.0,4.0,0.72,0.02,0.11
1052,0.85,0.8,1.0,4.5,0.71,0.01,0.13
1053,0.86,0.8,1.0,5.0,0.7,0.02,0.14
1054,0.86,0.8,1.0,5.5,0.7,0.02,0.14
1055,0.89,0.8,1.0,6.0,0.7,0.02,0.17
1056,0.79,0.8,1.25,0.5,0.73,0.06,0.0
1057,0.78,0.8,1.25,1.0,0.73,0.05,0.0
1058,0.78,0.8,1.25,1.5,0.73,0.04,0.01
1059,0.81,0.8,1.25,2.0,0.73,0.05,0.03
1060,0.8,0.8,1.25,2.5,0.73,0.04,0.03
1061,0.8300000000000001,0.8,1.25,3.0,0.72,0.05,0.06
1062,0.8400000000000001,0.8,1.25,3.5,0.72,0.05,0.07
1063,0.88,0.8,1.25,4.0,0.72,0.05,0.11
1064,0.86,0.8,1.25,4.5,0.71,0.03,0.12
1065,0.88,0.8,1.25,5.0,0.7,0.04,0.14
1066,0.89,0.8,1.25,5.5,0.7,0.05,0.14
1067,0.91,0.8,1.25,6.0,0.7,0.04,0.17
1068,0.83,0.8,1.5,0.5,0.73,0.1,0.0
1069,0.84,0.8,1.5,1.0,0.73,0.1,0.01
1070,0.82,0.8,1.5,1.5,0.73,0.08,0.01
1071,0.85,0.8,1.5,2.0,0.73,0.09,0.03
1072,0.8600000000000001,0.8,1.5,2.5,0.72,0.07,0.07
1073,0.86,0.8,1.5,3.0,0.72,0.1,0.04
1074,0.86,0.8,1.5,3.5,0.71,0.05,0.1
1075,0.89,0.8,1.5,4.0,0.71,0.07,0.11
1076,0.87,0.8,1.5,4.5,0.7,0.07,0.1
1077,0.9199999999999999,0.8,1.5,5.0,0.71,0.09,0.12
1078,0.9199999999999999,0.8,1.5,5.5,0.69,0.08,0.15
1079,0.9299999999999999,0.8,1.5,6.0,0.69,0.08,0.16
1080,0.82,0.8,1.75,0.5,0.71,0.11,0.0
1081,0.86,0.8,1.75,1.0,0.72,0.13,0.01
1082,0.85,0.8,1.75,1.5,0.72,0.11,0.02
1083,0.86,0.8,1.75,2.0,0.72,0.11,0.03
1084,0.86,0.8,1.75,2.5,0.71,0.12,0.03
1085,0.9099999999999999,0.8,1.75,3.0,0.71,0.13,0.07
1086,0.8899999999999999,0.8,1.75,3.5,0.71,0.11,0.07
1087,0.9099999999999999,0.8,1.75,4.0,0.7,0.11,0.1
1088,0.94,0.8,1.75,4.5,0.7,0.11,0.13
1089,0.94,0.8,1.75,5.0,0.69,0.12,0.13
1090,0.9500000000000001,0.8,1.75,5.5,0.68,0.12,0.15
1091,0.9400000000000001,0.8,1.75,6.0,0.68,0.11,0.15
1092,0.86,0.8,2.0,0.5,0.71,0.15,0.0
1093,0.87,0.8,2.0,1.0,0.71,0.16,0.0
1094,0.88,0.8,2.0,1.5,0.71,0.16,0.01
1095,0.9,0.8,2.0,2.0,0.71,0.16,0.03
1096,0.88,0.8,2.0,2.5,0.7,0.14,0.04
1097,0.94,0.8,2.0,3.0,0.7,0.16,0.08
1098,0.9199999999999999,0.8,2.0,3.5,0.7,0.13,0.09
1099,0.95,0.8,2.0,4.0,0.7,0.16,0.09
1100,0.9299999999999999,0.8,2.0,4.5,0.69,0.14,0.1
1101,0.9700000000000001,0.8,2.0,5.0,0.68,0.16,0.13
1102,0.9900000000000001,0.8,2.0,5.5,0.68,0.16,0.15
1103,1.01,0.8,2.0,6.0,0.68,0.15,0.18
1104,0.8899999999999999,0.8,2.25,0.5,0.7,0.19,0.0
1105,0.8899999999999999,0.8,2.25,1.0,0.7,0.19,0.0
1106,0.8999999999999999,0.8,2.25,1.5,0.71,0.19,0.0
1107,0.9299999999999999,0.8,2.25,2.0,0.71,0.19,0.03
1108,0.9299999999999999,0.8,2.25,2.5,0.7,0.21,0.02
1109,0.96,0.8,2.25,3.0,0.7,0.2,0.06
1110,0.9199999999999999,0.8,2.25,3.5,0.69,0.18,0.05
1111,0.9500000000000001,0.8,2.25,4.0,0.68,0.19,0.08
1112,0.9899999999999999,0.8,2.25,4.5,0.69,0.2,0.1
1113,0.9800000000000001,0.8,2.25,5.0,0.67,0.19,0.12
1114,1.0,0.8,2.25,5.5,0.68,0.18,0.14
1115,1.0,0.8,2.25,6.0,0.66,0.18,0.16
1116,0.8999999999999999,0.8,2.5,0.5,0.69,0.21,0.0
1117,0.8999999999999999,0.8,2.5,1.0,0.7,0.2,0.0
1118,0.8899999999999999,0.8,2.5,1.5,0.7,0.19,0.0
1119,0.94,0.8,2.5,2.0,0.7,0.22,0.02
1120,0.95,0.8,2.5,2.5,0.69,0.22,0.04
1121,0.96,0.8,2.5,3.0,0.68,0.22,0.06
1122,0.98,0.8,2.5,3.5,0.68,0.21,0.09
1123,0.99,0.8,2.5,4.0,0.67,0.22,0.1
1124,0.9600000000000001,0.8,2.5,4.5,0.67,0.2,0.09
1125,0.9800000000000001,0.8,2.5,5.0,0.67,0.2,0.11
1126,1.03,0.8,2.5,5.5,0.67,0.22,0.14
1127,1.03,0.8,2.5,6.0,0.67,0.22,0.14
1128,0.9299999999999999,0.8,2.75,0.5,0.69,0.24,0.0
1129,0.94,0.8,2.75,1.0,0.69,0.24,0.01
1130,0.92,0.8,2.75,1.5,0.68,0.23,0.01
1131,0.95,0.8,2.75,2.0,0.69,0.24,0.02
1132,0.9400000000000001,0.8,2.75,2.5,0.68,0.23,0.03
1133,0.9600000000000001,0.8,2.75,3.0,0.68,0.23,0.05
1134,0.9600000000000001,0.8,2.75,3.5,0.67,0.24,0.05
1135,1.02,0.8,2.75,4.0,0.68,0.25,0.09
1136,0.98,0.8,2.75,4.5,0.65,0.22,0.11
1137,1.0,0.8,2.75,5.0,0.66,0.23,0.11
1138,1.04,0.8,2.75,5.5,0.66,0.24,0.14
1139,1.02,0.8,2.75,6.0,0.65,0.22,0.15
1140,0.93,0.8,3.0,0.5,0.68,0.25,0.0
1141,0.9500000000000001,0.8,3.0,1.0,0.68,0.26,0.01
1142,0.92,0.8,3.0,1.5,0.67,0.24,0.01
1143,0.9500000000000001,0.8,3.0,2.0,0.68,0.24,0.03
1144,0.9700000000000001,0.8,3.0,2.5,0.68,0.26,0.03
1145,1.01,0.8,3.0,3.0,0.67,0.28,0.06
1146,0.99,0.8,3.0,3.5,0.66,0.26,0.07
1147,0.99,0.8,3.0,4.0,0.65,0.25,0.09
1148,1.05,0.8,3.0,4.5,0.66,0.26,0.13
1149,1.03,0.8,3.0,5.0,0.65,0.26,0.12
1150,1.04,0.8,3.0,5.5,0.65,0.27,0.12
1151,1.04,0.8,3.0,6.0,0.65,0.25,0.14
